Store Name,Address,City,Province,Postal Code,Country
Hasty Market # 11,550 Queen St. West Unit#6,Brampton,ON,L6X 3E1,Canada
Hasty Market # 114,99 Belmont Drive,London,ON,N6J 4J3,Canada
Hasty Market # 115,401 East Main Street,Welland,ON,L3B 3X1,Canada
Hasty Market # 117,103 Ontario Street South,Kitchener,ON,N2G 1X5,Canada
Hasty Market # 118,1098 Peter Robertson Blvd.,Brampton,ON,L6R 3A5,Canada
Hasty Market # 121,1162 Adelaide Street,London,ON,N8Y 2N5,Canada
Hasty Market # 13,133 Redpath Avenue,Toronto,ON,M4P 2K5,Canada
Hasty Market # 130,11-225 Fairview Drive,Brantford,ON,N3R 7E3,Canada
Hasty Market # 16,760 Brant Street,Burlington,ON,L7R 4B8,Canada
Hasty Market # 166,135D Upper Centennial N.,Stoney Creek,ON,L8J 0B2,Canada
Hasty Market # 175,1140 Winston Churchill Blvd.,Oakville,ON,L6J 0A3,Canada
Hasty Market # 18,1850 Main Street West,Hamilton,ON,L8S 4P7,Canada
Hasty Market # 189,10061 McLaughlin Road,Brampton,ON,L7A 2X5,Canada
Hasty Market # 19,210 Mohawk Road East,Hamilton,ON,L9A 2H6,Canada
Hasty Market # 197,338 Dundas Street,London,ON,N6B 1V7,Canada
Hasty Market # 203,196 Waterloo Avenue,Guelph,ON,N1G 3J3,Canada
Hasty Market # 209,728 Burloak Drive,Burlington,ON,L7L 0B1,Canada
Hasty Market # 210,260 Blue Forest Place,London,ON,N6G 4M2,Canada
Hasty Market # 222,1940 Appleby Line,Burlington,ON,L7L 0B7,Canada
Hasty Market # 225,1-255 Highview Drive,Kitchener,ON,N2N 2K7,Canada
Hasty Market # 2300,735 Tower Street South,Fergus,ON,N1M 2R2,Canada
Hasty Market # 234,161 Church Street,Toronto,ON,M5B 1Y6,Canada
Hasty Market # 24,1580 Main Street W.,Hamilton,ON,L8S 1E9,Canada
Hasty Market # 240,490 Mapleview Drive W.,Barrie,ON,L4N 6C3,Canada
Hasty Market # 2402,15 Lockport Way Unit # 4,Stoney Creek,ON,L8E 0H8,Canada
Hasty Market # 247,14010 Hurontario Street,Caledon,ON,L7C 2C1,Canada
Hasty Market # 250,104-685 Myers Road,Cambridge,ON,N1R 5S2,Canada
Hasty Market # 2610,112 Denistoun Street,Welland,ON,L3C 1V2,Canada
Hasty Market # 2611,400 Steeles Ave. E,Brampton,ON,L6W 0V9,Canada
Hasty Market # 2612,1565 Alta Vista Drive,Ottawa,ON,K1G 0E9,Canada
Hasty Market # 2613,158 McArthur Ave.,Ottawa,ON,K1L 7E7,Canada
Hasty Market # 268,129 Bremner Boulevard,Toronto,ON,M5J 3A7,Canada
Hasty Market # 275,13461 Yonge Street,Richmond Hill,ON,L4E 0L2,Canada
Hasty Market # 279,670 Rexdale Boulevard,Toronto,ON,M9W 0B5,Canada
Hasty Market # 28,3476 Glen Erin Drive,Mississauga,ON,L5L 3R4,Canada
Hasty Market # 284,732 Queenston Road,Hamilton,ON,L8G 1A4,Canada
Hasty Market # 285,480 Mapleton Ave. Unit 1 & 2,Barrie,ON,L4N 9C2,Canada
Hasty Market # 294,1213 Bayview Avenue,Toronto,ON,M4G 2Z8,Canada
Hasty Market # 3006,557 Church Street,Toronto,ON,M4Y 2E2,Canada
Hasty Market # 3009,1500 Sixth Line,Oakville,ON,L6H 2P2,Canada
Hasty Market # 3041,666 Burnhamthorpe Road,Etobicoke,ON,M9C 2Z4,Canada
Hasty Market # 307,88 Elliot Street,Brampton,ON,L6Y 1W3,Canada
Hasty Market # 312,403 Arkell Road,Guelph,ON,N1L 1E5,Canada
Hasty Market # 33,14 Lisa Street,Brampton,ON,L6T 4W2,Canada
Hasty Market # 354,500 Can-Amera Parkway,Cambridge,ON,N1T 0A2,Canada
Hasty Market # 356,6640 Finch Avenue W.,Toronto,ON,M9W 0B3,Canada
Hasty Market # 357,2240 Lakeshore Blvd,Etobicoke,ON,M8V 0B1,Canada
Hasty Market # 370,225 Castle Oaks Crossing,Brampton,ON,L6P 3X3,Canada
Hasty Market # 375,1270 Main Street East,Milton,ON,L9T 8M7,Canada
Hasty Market # 377,17 Worthington Avenue,Brampton,ON,L7A 2Y7,Canada
Hasty Market # 378,29 Plains Road West,Burlington,ON,L7T 4J9,Canada
Hasty Market # 386,320 Eastview Rd.,Guelph,ON,N1E 0L2,Canada
Hasty Market # 387,475 Charolais Blvd. Unit 2,Brampton,ON,L6Y 0M2,Canada
Hasty Market # 392,174 Prince William Way,Barrie,ON,L9J 0G7,Canada
Hasty Market # 393,28 Church Street,Elmira,ON,N3B 1M5,Canada
Hasty Market # 395,159 Fife Rd.,Guelph,ON,N1H 7N8,Canada
Hasty Market # 397,4-230 Sandelwood Pkw,Brampton,ON,L6Z 1R3,Canada
Hasty Market # 4,574 James Street North Unit #8,Hamilton,ON,L8L 1J7,Canada
Hasty Market # 40,1896 Prince of Wales Drive,Ottawa,ON,K2C 3W9,Canada
Hasty Market # 4015,25 Industrial Drive #4,Elmira,ON,N3B 3K3,Canada
Hasty Market # 4045,550 Garafraxa Street E,Fegus,ON,N1M 1E7,Canada
Hasty Market # 4049,2482 Yonge St.,Toronto,ON,M4P 2H5,Canada
Hasty Market # 4051,2164 Mountain Grove,Burlington,ON,L7P 2J3,Canada
Hasty Market # 4052,6 Mimico Ave.,Etobicoke,ON,M8V 1R1,Canada
Hasty Market # 4053,30 Rymal Road East,Hamilton,ON,L9B 1B9,Canada
Hasty Market # 4054,3-295 Eglinton Ave E,Mississauga,ON,L4Z 3K6,Canada
Hasty Market # 406,575 West Street South,Orillia,ON,L3V 7N6,Canada
Hasty Market # 407,9705 James Porter Unit 7,Brampton,ON,L6X 3B9,Canada
Hasty Market # 409,210 Kortright Road West,Guelph,ON,N1G 4X4,Canada
Hasty Market # 414,3971 Major Mackenzie Drive,Vaughan,ON,L4H 0A2,Canada
Hasty Market # 415,535 Saginaw Pkwy Unit B-2,Cambridge,ON,N1T 2A6,Canada
Hasty Market # 421,#5-68 Bramalea Road,Brampton,ON,L6T 2W8,Canada
Hasty Market # 427,3300 Monarch Drive,Orillia,ON,L3V 8A2,Canada
Hasty Market # 435,11 Westwood Drive,Kitchener,ON,N2M 2K5,Canada
Hasty Market # 439,233 Earl Stewart Drive,Aurora,ON,L4G 6V8,Canada
Hasty Market # 44,2361 Carling Avenue,Ottawa,ON,K2B 7G7,Canada
Hasty Market # 440,515 Dundas Street West,Oakville,ON,L6M 1L9,Canada
Hasty Market # 445,180 Kenilworth Ave N,Hamilton,ON,L8H 4S1,Canada
Hasty Market # 446,5 Woodstock St. North,Tavistock,ON,N0B 2R0,Canada
Hasty Market # 448,164 Colborne St West,Brantford,ON,N3T 1S4,Canada
Hasty Market # 450,8017 Hornby Rd,Halton Hills,ON,L7G 4S5,Canada
Hasty Market # 453,1310 Bloor Street West,Toronto,ON,M6H 1N9,Canada
Hasty Market # 454,554 Niagara St.,Welland,ON,L3C 1L8,Canada
Hasty Market # 455,4985 Bridge St,Niagara Falls,ON,L2E 2S4,Canada
Hasty Market # 456,517 Victoria St. S,Kitchener,ON,N2M 3A8,Canada
Hasty Market # 457,307 Cundles Road East Unit 1,Barrie,ON,L4M 0G9,Canada
Hasty Market # 458,2800 Skymark Ave Unit 37,Mississauga,ON,L4W 5A6,Canada
Hasty Market # 46,596 Rideau Street,Ottawa,ON,K1N 6A2,Canada
Hasty Market # 460,394 Concession Street,Hamilton,ON,L9A 1B7,Canada
Hasty Market # 461,801 Dundas Street Unit 1 & 2,WoodStock,ON,N4S 1G4,Canada
Hasty Market # 464,2277 Sheppard Ave. W,Toronto,ON,M9M 0B3,Canada
Hasty Market # 466,1505 Guelph Line Unit 22,Burlington,ON,L7P 3B6,Canada
Hasty Market # 467,130 Queenston Road,Hamilton,ON,L8K 1G6,Canada
Hasty Market # 471,1565 Rymal Road,Hamilton,ON,L8W 3N2,Canada
Hasty Market # 472,6-9149 Derry Road West,Milton,ON,L9T 7Z1,Canada
Hasty Market # 473,2365 Trafalgar Road,Oakville,ON,L6H 6N9,Canada
Hasty Market # 475,1688 Albion Road,Etobicoke,ON,M9V 1B8,Canada
Hasty Market # 476,177 Glow Ave,Hamilton,ON,L8H 3W3,Canada
Hasty Market # 477,5 Yorkland Blvd,Brampton,ON,L6P 4B4,Canada
Hasty Market # 479,280 Dunlop St. W Unit 2,Barrie,ON,L4N 1B9,Canada
Hasty Market # 480,146 Sumach Street,Toronto,ON,M5A 3M4,Canada
Hasty Market # 481,360 Guelph St.,Georgetown,ON,L7G 4B5,Canada
Hasty Market # 482,136 Guelph Street Unit 3,Georgetown,ON,L7G 4A5,Canada
Hasty Market # 49,387 Barton Street East,Hamilton,ON,L8L 2Y2,Canada
Hasty Market # 51,115 Downey Road,Guelph,ON,N1C 1A3,Canada
Hasty Market # 52,5400 Tecumseh Road East,Windsor,ON,N8T 1C7,Canada
Hasty Market # 55,300 Simcoe Street,Toronto,ON,M5T 1T5,Canada
Hasty Market # 64,20 Harwood Avenue,Ajax,ON,L1S 6N2,Canada
Hasty Market # 66,21 Davisville Avenue,Toronto,ON,M4S 1G3,Canada
Hasty Market # 69,1785 Queen Street,Brampton,ON,L6T 4S3,Canada
Hasty Market # 74,3475 Kingston Road,Scarborough,ON,M1M 1R4,Canada
Hasty Market # 77,2810 Major Mackenzie Dr. U11,Maple,ON,L6A 3L2,Canada
Hasty Market # 79,925 16th Street East,Owen Sound,ON,N4K 1Z4,Canada
Hasty Market # 8,3101 Kingsway Drive,Kitchener,ON,N2C 2K7,Canada
Hasty Market # 88,165 Tower Street North,Fergus,ON,N1M 2Y9,Canada
Hasty Market # 91,185 Thickson Road North,Whitby,ON,L1N 6T9,Canada
Hasty Market # 93,30 Rambler Drive,Brampton,ON,L6W 1E2,Canada
Hasty Market # 95,1 Wexford Drive,Brampton,ON,L6Z 2V9,Canada
Hasty Market # 99,2926 Sheppard Avenue East,Scarborough,ON,M1T 3J4,Canada
Hasty Market #4055,419 Airport Line,Huon Park,ON,N0M 1Y0,Canada
Hasty Market #4057,201 Lloyd Manor Road,,,,Canada
Hasty Market #471,1565 Rymal Road,Hamilton,ON,L8W 3N2,Canada
Hasty Market #484,5126 Dundas St. W.,Etobicoke,ON,L6H 0S3,Canada
Hasty Market #485,297 Lake St,Grimsby,ON,L3M 4M8,Canada
Hasty Market #486,373 Steel Ave West,Brampton,ON,L7N 3J5,Canada
Hasty Market #488,1651 Erbs Road,,,,Canada
Hasty Market #489,7766 Martin Grove Rd unit # 13,,,,Canada
Hasty Market #490,1613 Bloor St West,,,,Canada
Hasty Market #491,595 St Clair St,,,,Canada
Hasty Market #492,537 Van Kirk Drive,,,,Canada
Hasty Market #493,44 King St East,,,,Canada
Hasty Market #494,2-3441 Fieldgate Dr,,,,Canada
Hasty Market #496,5 Wellington Street Unit 1,,,,Canada
Hasty Market #497,985 Tallbot Street,,,,Canada
Hasty Market #498,627 Park Road North Unit 3,,,,Canada
Hasty Market #499,181 Plains Road Unit 89,,,,Canada
Hasty Market #501,3274 Lake Shore Blvd W,,,,Canada
Hasty Market #502,1183A Brimley Rd,Scarborough,ON,M1P 3G5,Canada
Min-A-Mart # 2066,1122 Dorval Drive,Oakville,ON,L6M 3E4,Canada
Min-A-Mart # 2096,14 Dundas Street,Mississauga,ON,L5A 1W2,Canada
Min-A-Mart # 2112,3405 Glen Erin Drive,Mississauga,ON,L5L 3S2,Canada
Min-A-Mart # 2114,730 St. Clarens Avenue,Toronto,ON,M6H 4E8,Canada
Min-A-Mart # 2590,108 William St,Parry Sound,ON,P2A 1V7,Canada
